{"stats":{"minecraft:picked_up":{"minecraft:raw_iron":1,"minecraft:crafting_table":2,"minecraft:acacia_log":10,"minecraft:porkchop":3,"minecraft:cobblestone":42},"minecraft:custom":{"minecraft:time_since_rest":8058,"minecraft:crouch_one_cm":60,"minecraft:play_time":8058,"minecraft:sprint_one_cm":12667,"minecraft:damage_taken":270,"minecraft:walk_one_cm":11273,"minecraft:sneak_time":6,"minecraft:mob_kills":1,"minecraft:jump":162,"minecraft:damage_dealt":178,"minecraft:leave_game":8,"minecraft:time_since_death":8058,"minecraft:total_world_time":8058,"minecraft:interact_with_crafting_table":2,"minecraft:fall_one_cm":3829,"minecraft:fly_one_cm":20913},"minecraft:used":{"minecraft:crafting_table":2,"minecraft:porkchop":2,"minecraft:stone_pickaxe":1,"minecraft:wooden_pickaxe":42},"minecraft:mined":{"minecraft:short_grass":5,"minecraft:acacia_log":12,"minecraft:acacia_leaves":1,"minecraft:iron_ore":1,"minecraft:stone":42,"minecraft:crafting_table":2},"minecraft:killed":{"minecraft:pig":1},"minecraft:crafted":{"minecraft:acacia_planks":16,"minecraft:crafting_table":1,"minecraft:stick":8,"minecraft:wooden_pickaxe":1,"minecraft:stone_pickaxe":1}},"DataVersion":3955}