{"stats":{"minecraft:picked_up":{"minecraft:wooden_axe":1,"minecraft:wooden_sword":2,"minecraft:stick":18,"minecraft:acacia_planks":48,"minecraft:apple":1,"minecraft:wooden_pickaxe":1,"minecraft:acacia_log":10,"minecraft:porkchop":6,"minecraft:oak_sapling":2,"minecraft:acacia_sapling":5,"minecraft:crafting_table":1},"minecraft:custom":{"minecraft:time_since_rest":3921,"minecraft:play_time":15562,"minecraft:sprint_one_cm":34097,"minecraft:damage_taken":952,"minecraft:deaths":3,"minecraft:walk_one_cm":41002,"minecraft:sneak_time":10,"minecraft:mob_kills":1,"minecraft:jump":366,"minecraft:damage_dealt":442,"minecraft:leave_game":6,"minecraft:time_since_death":3865,"minecraft:climb_one_cm":135,"minecraft:total_world_time":15562,"minecraft:interact_with_crafting_table":4,"minecraft:fall_one_cm":8753,"minecraft:fly_one_cm":63748},"minecraft:mined":{"minecraft:short_grass":14,"minecraft:acacia_log":8,"minecraft:acacia_leaves":1,"minecraft:crafting_table":1},"minecraft:crafted":{"minecraft:wooden_sword":2,"minecraft:acacia_planks":36,"minecraft:crafting_table":3,"minecraft:stick":8,"minecraft:wooden_pickaxe":1,"minecraft:wooden_axe":2},"minecraft:killed":{"minecraft:pig":1},"minecraft:killed_by":{"minecraft:zombie":3},"minecraft:used":{"minecraft:wooden_axe":1,"minecraft:wooden_sword":10,"minecraft:apple":1,"minecraft:crafting_table":3,"minecraft:acacia_sapling":1}},"DataVersion":3955}