{"stats":{"minecraft:picked_up":{"minecraft:stick":2,"minecraft:acacia_log":23,"minecraft:oak_log":6,"minecraft:acacia_sapling":3},"minecraft:custom":{"minecraft:time_since_rest":2496,"minecraft:crouch_one_cm":35,"minecraft:walk_one_cm":18326,"minecraft:sprint_one_cm":8635,"minecraft:play_time":42738,"minecraft:damage_taken":525,"minecraft:deaths":2,"minecraft:sneak_time":4,"minecraft:jump":116,"minecraft:damage_dealt":209,"minecraft:leave_game":2,"minecraft:time_since_death":2464,"minecraft:total_world_time":42738,"minecraft:fall_one_cm":2206,"minecraft:fly_one_cm":12520},"minecraft:mined":{"minecraft:short_grass":1,"minecraft:acacia_log":24,"minecraft:oak_log":6,"minecraft:acacia_leaves":2},"minecraft:killed_by":{"minecraft:spider":1,"minecraft:zombie":1},"minecraft:used":{"minecraft:acacia_log":2}},"DataVersion":3955}